commit_hash,author,committer,author_date,committer_date,msg,is_merge,parents_count,file,file_path,lines_added,lines_deleted,lines_changed,is_bug_fix,is_buggy
cfbea95646cf8fd792483a71c1b395c846da694e,Flare3416,Flare3416,2025-08-14 17:34:08+00:00,2025-08-14T23:04:08+05:30,Initial commit from Create Next App,False,0,postcss.config.mjs,postcss.config.mjs,5,0,5,0,0
cfbea95646cf8fd792483a71c1b395c846da694e,Flare3416,Flare3416,2025-08-14 17:34:08+00:00,2025-08-14T23:04:08+05:30,Initial commit from Create Next App,False,0,.gitignore,.gitignore,41,0,41,0,0
cfbea95646cf8fd792483a71c1b395c846da694e,Flare3416,Flare3416,2025-08-14 17:34:08+00:00,2025-08-14T23:04:08+05:30,Initial commit from Create Next App,False,0,layout.js,app/layout.js,29,0,29,0,0
cfbea95646cf8fd792483a71c1b395c846da694e,Flare3416,Flare3416,2025-08-14 17:34:08+00:00,2025-08-14T23:04:08+05:30,Initial commit from Create Next App,False,0,next.config.mjs,next.config.mjs,4,0,4,0,0
cfbea95646cf8fd792483a71c1b395c846da694e,Flare3416,Flare3416,2025-08-14 17:34:08+00:00,2025-08-14T23:04:08+05:30,Initial commit from Create Next App,False,0,eslint.config.mjs,eslint.config.mjs,14,0,14,0,1
cfbea95646cf8fd792483a71c1b395c846da694e,Flare3416,Flare3416,2025-08-14 17:34:08+00:00,2025-08-14T23:04:08+05:30,Initial commit from Create Next App,False,0,page.js,app/page.js,103,0,103,0,0
7cbb7407752cbadb248c2c5632238871d2f69cf0,Flare3416,Flare3416,2025-08-14 20:32:54+00:00,2025-08-15T02:02:54+05:30,Add Bountera landing page with modern UI components,False,1,tailwind.config.js,tailwind.config.js,101,0,101,0,0
7cbb7407752cbadb248c2c5632238871d2f69cf0,Flare3416,Flare3416,2025-08-14 20:32:54+00:00,2025-08-15T02:02:54+05:30,Add Bountera landing page with modern UI components,False,1,utils.js,lib/utils.js,6,0,6,0,0
7cbb7407752cbadb248c2c5632238871d2f69cf0,Flare3416,Flare3416,2025-08-14 20:32:54+00:00,2025-08-15T02:02:54+05:30,Add Bountera landing page with modern UI components,False,1,card.jsx,components/ui/card.jsx,101,0,101,0,0
7cbb7407752cbadb248c2c5632238871d2f69cf0,Flare3416,Flare3416,2025-08-14 20:32:54+00:00,2025-08-15T02:02:54+05:30,Add Bountera landing page with modern UI components,False,1,button.jsx,components/ui/button.jsx,55,0,55,0,0
7cbb7407752cbadb248c2c5632238871d2f69cf0,Flare3416,Flare3416,2025-08-14 20:32:54+00:00,2025-08-15T02:02:54+05:30,Add Bountera landing page with modern UI components,False,1,badge.jsx,components/ui/badge.jsx,44,0,44,0,0
7cbb7407752cbadb248c2c5632238871d2f69cf0,Flare3416,Flare3416,2025-08-14 20:32:54+00:00,2025-08-15T02:02:54+05:30,Add Bountera landing page with modern UI components,False,1,avatar.jsx,components/ui/avatar.jsx,47,0,47,0,0
7cbb7407752cbadb248c2c5632238871d2f69cf0,Flare3416,Flare3416,2025-08-14 20:32:54+00:00,2025-08-15T02:02:54+05:30,Add Bountera landing page with modern UI components,False,1,TopCreators.js,components/TopCreators.js,94,0,94,0,0
7cbb7407752cbadb248c2c5632238871d2f69cf0,Flare3416,Flare3416,2025-08-14 20:32:54+00:00,2025-08-15T02:02:54+05:30,Add Bountera landing page with modern UI components,False,1,SakuraPetals.js,components/SakuraPetals.js,24,0,24,0,0
7cbb7407752cbadb248c2c5632238871d2f69cf0,Flare3416,Flare3416,2025-08-14 20:32:54+00:00,2025-08-15T02:02:54+05:30,Add Bountera landing page with modern UI components,False,1,Navbar.js,components/Navbar.js,80,0,80,0,0
7cbb7407752cbadb248c2c5632238871d2f69cf0,Flare3416,Flare3416,2025-08-14 20:32:54+00:00,2025-08-15T02:02:54+05:30,Add Bountera landing page with modern UI components,False,1,Hero.js,components/Hero.js,82,0,82,0,0
7cbb7407752cbadb248c2c5632238871d2f69cf0,Flare3416,Flare3416,2025-08-14 20:32:54+00:00,2025-08-15T02:02:54+05:30,Add Bountera landing page with modern UI components,False,1,Footer.js,components/Footer.js,67,0,67,0,0
7cbb7407752cbadb248c2c5632238871d2f69cf0,Flare3416,Flare3416,2025-08-14 20:32:54+00:00,2025-08-15T02:02:54+05:30,Add Bountera landing page with modern UI components,False,1,Features.js,components/Features.js,81,0,81,0,0
7cbb7407752cbadb248c2c5632238871d2f69cf0,Flare3416,Flare3416,2025-08-14 20:32:54+00:00,2025-08-15T02:02:54+05:30,Add Bountera landing page with modern UI components,False,1,CTA.js,components/CTA.js,49,0,49,0,0
7cbb7407752cbadb248c2c5632238871d2f69cf0,Flare3416,Flare3416,2025-08-14 20:32:54+00:00,2025-08-15T02:02:54+05:30,Add Bountera landing page with modern UI components,False,1,page.js,app/page.js,44,96,140,0,0
2741e1080079ddfcb6bc10c3536a50c8efeccf5a,Flare3416,Flare3416,2025-08-14 20:36:58+00:00,2025-08-15T02:06:58+05:30,Add PWA manifest and enhance SEO/metadata,False,1,layout.js,app/layout.js,110,9,119,0,0
2741e1080079ddfcb6bc10c3536a50c8efeccf5a,Flare3416,Flare3416,2025-08-14 20:36:58+00:00,2025-08-15T02:06:58+05:30,Add PWA manifest and enhance SEO/metadata,False,1,.gitignore,.gitignore,67,16,83,0,0
bdca1ba9e58ee34a2b453d6a97c3cb7906776c57,Flare3416,Flare3416,2025-08-14 21:00:25+00:00,2025-08-15T02:30:25+05:30,Improve UI buttons,False,1,SakuraPetals.js,components/SakuraPetals.js,28,7,35,0,0
bdca1ba9e58ee34a2b453d6a97c3cb7906776c57,Flare3416,Flare3416,2025-08-14 21:00:25+00:00,2025-08-15T02:30:25+05:30,Improve UI buttons,False,1,Navbar.js,components/Navbar.js,9,4,13,0,0
bdca1ba9e58ee34a2b453d6a97c3cb7906776c57,Flare3416,Flare3416,2025-08-14 21:00:25+00:00,2025-08-15T02:30:25+05:30,Improve UI buttons,False,1,CTA.js,components/CTA.js,1,1,2,0,0
bdca1ba9e58ee34a2b453d6a97c3cb7906776c57,Flare3416,Flare3416,2025-08-14 21:00:25+00:00,2025-08-15T02:30:25+05:30,Improve UI buttons,False,1,layout.js,app/layout.js,1,0,1,0,0
3db85cb1a467d2eb467351869679b82a0ee74c61,Flare3416,Flare3416,2025-08-14 21:21:55+00:00,2025-08-15T02:51:55+05:30,-,False,1,Navbar.js,components/Navbar.js,3,5,8,0,0
3db85cb1a467d2eb467351869679b82a0ee74c61,Flare3416,Flare3416,2025-08-14 21:21:55+00:00,2025-08-15T02:51:55+05:30,-,False,1,page.js,app/login/page.js,11,0,11,0,0
c36d3abb633698ae3cece78c91087a52b354c95d,Flare3416,Flare3416,2025-09-09 13:58:49+00:00,2025-09-09T19:28:49+05:30,feat: Add user profile and dashboard components,False,1,layout.js,app/layout.js,5,4,9,0,0
c36d3abb633698ae3cece78c91087a52b354c95d,Flare3416,Flare3416,2025-09-09 13:58:49+00:00,2025-09-09T19:28:49+05:30,feat: Add user profile and dashboard components,False,1,page.js,app/activity/page.js,0,0,0,0,0
c36d3abb633698ae3cece78c91087a52b354c95d,Flare3416,Flare3416,2025-09-09 13:58:49+00:00,2025-09-09T19:28:49+05:30,feat: Add user profile and dashboard components,False,1,route.js,app/api/auth/[...nextauth]/route.js,63,0,63,0,0
c36d3abb633698ae3cece78c91087a52b354c95d,Flare3416,Flare3416,2025-09-09 13:58:49+00:00,2025-09-09T19:28:49+05:30,feat: Add user profile and dashboard components,False,1,page.js,app/auth-redirect/page.js,52,0,52,0,0
c36d3abb633698ae3cece78c91087a52b354c95d,Flare3416,Flare3416,2025-09-09 13:58:49+00:00,2025-09-09T19:28:49+05:30,feat: Add user profile and dashboard components,False,1,page.js,app/bounties/page.js,63,0,63,0,0
c36d3abb633698ae3cece78c91087a52b354c95d,Flare3416,Flare3416,2025-09-09 13:58:49+00:00,2025-09-09T19:28:49+05:30,feat: Add user profile and dashboard components,False,1,page.js,app/dashboard/page.js,203,0,203,0,0
c36d3abb633698ae3cece78c91087a52b354c95d,Flare3416,Flare3416,2025-09-09 13:58:49+00:00,2025-09-09T19:28:49+05:30,feat: Add user profile and dashboard components,False,1,page.js,app/leaderboard/page.js,85,0,85,0,0
c36d3abb633698ae3cece78c91087a52b354c95d,Flare3416,Flare3416,2025-09-09 13:58:49+00:00,2025-09-09T19:28:49+05:30,feat: Add user profile and dashboard components,False,1,page.js,app/login/page.js,116,4,120,0,0
c36d3abb633698ae3cece78c91087a52b354c95d,Flare3416,Flare3416,2025-09-09 13:58:49+00:00,2025-09-09T19:28:49+05:30,feat: Add user profile and dashboard components,False,1,page.js,app/page.js,37,1,38,0,0
c36d3abb633698ae3cece78c91087a52b354c95d,Flare3416,Flare3416,2025-09-09 13:58:49+00:00,2025-09-09T19:28:49+05:30,feat: Add user profile and dashboard components,False,1,page.js,app/profile-setup/page.js,898,0,898,0,0
c36d3abb633698ae3cece78c91087a52b354c95d,Flare3416,Flare3416,2025-09-09 13:58:49+00:00,2025-09-09T19:28:49+05:30,feat: Add user profile and dashboard components,False,1,page.js,app/profile/page.js,0,0,0,0,0
c36d3abb633698ae3cece78c91087a52b354c95d,Flare3416,Flare3416,2025-09-09 13:58:49+00:00,2025-09-09T19:28:49+05:30,feat: Add user profile and dashboard components,False,1,page.js,app/view-profile/page.js,313,0,313,0,0
c36d3abb633698ae3cece78c91087a52b354c95d,Flare3416,Flare3416,2025-09-09 13:58:49+00:00,2025-09-09T19:28:49+05:30,feat: Add user profile and dashboard components,False,1,DashboardNavbar.js,components/DashboardNavbar.js,210,0,210,0,0
c36d3abb633698ae3cece78c91087a52b354c95d,Flare3416,Flare3416,2025-09-09 13:58:49+00:00,2025-09-09T19:28:49+05:30,feat: Add user profile and dashboard components,False,1,Navbar.js,components/Navbar.js,21,12,33,0,0
c36d3abb633698ae3cece78c91087a52b354c95d,Flare3416,Flare3416,2025-09-09 13:58:49+00:00,2025-09-09T19:28:49+05:30,feat: Add user profile and dashboard components,False,1,SessionWrapper.js,components/SessionWrapper.js,10,0,10,0,0
c36d3abb633698ae3cece78c91087a52b354c95d,Flare3416,Flare3416,2025-09-09 13:58:49+00:00,2025-09-09T19:28:49+05:30,feat: Add user profile and dashboard components,False,1,userData.js,utils/userData.js,136,0,136,0,0
218d483a2bba013c1de7e859eb088b43baf4422e,Flare3416,Flare3416,2025-09-09 13:59:17+00:00,2025-09-09T19:29:17+05:30,Add bounty poster role and dashboard flow,False,1,page.js,app/auth-redirect/page.js,47,10,57,0,0
218d483a2bba013c1de7e859eb088b43baf4422e,Flare3416,Flare3416,2025-09-09 13:59:17+00:00,2025-09-09T19:29:17+05:30,Add bounty poster role and dashboard flow,False,1,page.js,app/bounty-dashboard/page.js,240,0,240,0,1
218d483a2bba013c1de7e859eb088b43baf4422e,Flare3416,Flare3416,2025-09-09 13:59:17+00:00,2025-09-09T19:29:17+05:30,Add bounty poster role and dashboard flow,False,1,page.js,app/create-bounty/page.js,97,0,97,0,0
218d483a2bba013c1de7e859eb088b43baf4422e,Flare3416,Flare3416,2025-09-09 13:59:17+00:00,2025-09-09T19:29:17+05:30,Add bounty poster role and dashboard flow,False,1,page.js,app/dashboard/page.js,121,75,196,0,1
218d483a2bba013c1de7e859eb088b43baf4422e,Flare3416,Flare3416,2025-09-09 13:59:17+00:00,2025-09-09T19:29:17+05:30,Add bounty poster role and dashboard flow,False,1,page.js,app/bounty-poster-setup/page.js,514,0,514,0,0
218d483a2bba013c1de7e859eb088b43baf4422e,Flare3416,Flare3416,2025-09-09 13:59:17+00:00,2025-09-09T19:29:17+05:30,Add bounty poster role and dashboard flow,False,1,page.js,app/view-profile/page.js,79,43,122,0,1
218d483a2bba013c1de7e859eb088b43baf4422e,Flare3416,Flare3416,2025-09-09 13:59:17+00:00,2025-09-09T19:29:17+05:30,Add bounty poster role and dashboard flow,False,1,DashboardNavbar.js,components/DashboardNavbar.js,152,66,218,0,1
218d483a2bba013c1de7e859eb088b43baf4422e,Flare3416,Flare3416,2025-09-09 13:59:17+00:00,2025-09-09T19:29:17+05:30,Add bounty poster role and dashboard flow,False,1,userData.js,utils/userData.js,33,2,35,0,0
218d483a2bba013c1de7e859eb088b43baf4422e,Flare3416,Flare3416,2025-09-09 13:59:17+00:00,2025-09-09T19:29:17+05:30,Add bounty poster role and dashboard flow,False,1,PurplePetals.js,components/PurplePetals.js,45,0,45,0,0
218d483a2bba013c1de7e859eb088b43baf4422e,Flare3416,Flare3416,2025-09-09 13:59:17+00:00,2025-09-09T19:29:17+05:30,Add bounty poster role and dashboard flow,False,1,RoleSelectionModal.js,components/RoleSelectionModal.js,96,0,96,0,0
218d483a2bba013c1de7e859eb088b43baf4422e,Flare3416,Flare3416,2025-09-09 13:59:17+00:00,2025-09-09T19:29:17+05:30,Add bounty poster role and dashboard flow,False,1,page.js,app/profile-setup/page.js,174,15,189,0,1
245dfb971053423604739091ee8a291dd637329d,Flare3416,Flare3416,2025-09-09 15:39:38+00:00,2025-09-09T21:09:38+05:30,Add username-based public profile and default images,False,1,page.js,app/bounty-dashboard/page.js,13,12,25,1,0
245dfb971053423604739091ee8a291dd637329d,Flare3416,Flare3416,2025-09-09 15:39:38+00:00,2025-09-09T21:09:38+05:30,Add username-based public profile and default images,False,1,page.js,app/dashboard/page.js,15,13,28,1,0
245dfb971053423604739091ee8a291dd637329d,Flare3416,Flare3416,2025-09-09 15:39:38+00:00,2025-09-09T21:09:38+05:30,Add username-based public profile and default images,False,1,page.js,app/profile-setup/page.js,93,0,93,1,0
245dfb971053423604739091ee8a291dd637329d,Flare3416,Flare3416,2025-09-09 15:39:38+00:00,2025-09-09T21:09:38+05:30,Add username-based public profile and default images,False,1,page.js,app/view-profile/page.js,15,13,28,1,0
245dfb971053423604739091ee8a291dd637329d,Flare3416,Flare3416,2025-09-09 15:39:38+00:00,2025-09-09T21:09:38+05:30,Add username-based public profile and default images,False,1,DashboardNavbar.js,components/DashboardNavbar.js,1,1,2,1,0
245dfb971053423604739091ee8a291dd637329d,Flare3416,Flare3416,2025-09-09 15:39:38+00:00,2025-09-09T21:09:38+05:30,Add username-based public profile and default images,False,1,page.js,app/profile/[username]/page.js,338,0,338,1,0
5005dbe46beb69c5bd62230643d929ef3aab622f,Flare3416,Flare3416,2025-09-11 18:32:09+00:00,2025-09-12T00:02:09+05:30,Implement bounty and creator dashboard features,False,1,page.js,app/bounties/page.js,191,24,215,0,0
5005dbe46beb69c5bd62230643d929ef3aab622f,Flare3416,Flare3416,2025-09-11 18:32:09+00:00,2025-09-12T00:02:09+05:30,Implement bounty and creator dashboard features,False,1,page.js,app/bounty-dashboard/page.js,125,25,150,0,0
5005dbe46beb69c5bd62230643d929ef3aab622f,Flare3416,Flare3416,2025-09-11 18:32:09+00:00,2025-09-12T00:02:09+05:30,Implement bounty and creator dashboard features,False,1,page.js,app/bounty-poster-setup/page.js,90,11,101,0,0
5005dbe46beb69c5bd62230643d929ef3aab622f,Flare3416,Flare3416,2025-09-11 18:32:09+00:00,2025-09-12T00:02:09+05:30,Implement bounty and creator dashboard features,False,1,page.js,app/create-bounty/page.js,285,67,352,0,0
5005dbe46beb69c5bd62230643d929ef3aab622f,Flare3416,Flare3416,2025-09-11 18:32:09+00:00,2025-09-12T00:02:09+05:30,Implement bounty and creator dashboard features,False,1,page.js,app/leaderboard/page.js,285,53,338,0,0
5005dbe46beb69c5bd62230643d929ef3aab622f,Flare3416,Flare3416,2025-09-11 18:32:09+00:00,2025-09-12T00:02:09+05:30,Implement bounty and creator dashboard features,False,1,page.js,app/profile/[username]/page.js,174,101,275,0,0
5005dbe46beb69c5bd62230643d929ef3aab622f,Flare3416,Flare3416,2025-09-11 18:32:09+00:00,2025-09-12T00:02:09+05:30,Implement bounty and creator dashboard features,False,1,page.js,app/dashboard/page.js,23,7,30,0,0
5005dbe46beb69c5bd62230643d929ef3aab622f,Flare3416,Flare3416,2025-09-11 18:32:09+00:00,2025-09-12T00:02:09+05:30,Implement bounty and creator dashboard features,False,1,page.js,app/view-profile/page.js,0,351,351,0,0
5005dbe46beb69c5bd62230643d929ef3aab622f,Flare3416,Flare3416,2025-09-11 18:32:09+00:00,2025-09-12T00:02:09+05:30,Implement bounty and creator dashboard features,False,1,page.js,app/profile/page.js,0,0,0,0,0
5005dbe46beb69c5bd62230643d929ef3aab622f,Flare3416,Flare3416,2025-09-11 18:32:09+00:00,2025-09-12T00:02:09+05:30,Implement bounty and creator dashboard features,False,1,bountyData.js,utils/bountyData.js,188,0,188,0,0
5005dbe46beb69c5bd62230643d929ef3aab622f,Flare3416,Flare3416,2025-09-11 18:32:09+00:00,2025-09-12T00:02:09+05:30,Implement bounty and creator dashboard features,False,1,activityData.js,utils/activityData.js,128,0,128,0,0
5005dbe46beb69c5bd62230643d929ef3aab622f,Flare3416,Flare3416,2025-09-11 18:32:09+00:00,2025-09-12T00:02:09+05:30,Implement bounty and creator dashboard features,False,1,Navbar.js,components/Navbar.js,6,5,11,0,0
5005dbe46beb69c5bd62230643d929ef3aab622f,Flare3416,Flare3416,2025-09-11 18:32:09+00:00,2025-09-12T00:02:09+05:30,Implement bounty and creator dashboard features,False,1,page.js,app/profile-setup/page.js,49,48,97,0,0
5005dbe46beb69c5bd62230643d929ef3aab622f,Flare3416,Flare3416,2025-09-11 18:32:09+00:00,2025-09-12T00:02:09+05:30,Implement bounty and creator dashboard features,False,1,DashboardNavbar.js,components/DashboardNavbar.js,23,6,29,0,0
5005dbe46beb69c5bd62230643d929ef3aab622f,Flare3416,Flare3416,2025-09-11 18:32:09+00:00,2025-09-12T00:02:09+05:30,Implement bounty and creator dashboard features,False,1,BountyCard.js,components/BountyCard.js,153,0,153,0,0
5005dbe46beb69c5bd62230643d929ef3aab622f,Flare3416,Flare3416,2025-09-11 18:32:09+00:00,2025-09-12T00:02:09+05:30,Implement bounty and creator dashboard features,False,1,Footer.js,components/Footer.js,1,0,1,0,0
afdb9d97b4196492e48df1eb02b2027aaea5a6d6,Flare3416,Flare3416,2025-09-11 21:53:29+00:00,2025-09-12T03:23:29+05:30,Add my-bounties page and enhance bounty management,False,1,page.js,app/bounties/page.js,139,35,174,0,0
afdb9d97b4196492e48df1eb02b2027aaea5a6d6,Flare3416,Flare3416,2025-09-11 21:53:29+00:00,2025-09-12T03:23:29+05:30,Add my-bounties page and enhance bounty management,False,1,page.js,app/create-bounty/page.js,120,38,158,0,0
afdb9d97b4196492e48df1eb02b2027aaea5a6d6,Flare3416,Flare3416,2025-09-11 21:53:29+00:00,2025-09-12T03:23:29+05:30,Add my-bounties page and enhance bounty management,False,1,page.js,app/leaderboard/page.js,60,19,79,0,0
afdb9d97b4196492e48df1eb02b2027aaea5a6d6,Flare3416,Flare3416,2025-09-11 21:53:29+00:00,2025-09-12T03:23:29+05:30,Add my-bounties page and enhance bounty management,False,1,page.js,app/bounty-dashboard/page.js,117,53,170,0,0
afdb9d97b4196492e48df1eb02b2027aaea5a6d6,Flare3416,Flare3416,2025-09-11 21:53:29+00:00,2025-09-12T03:23:29+05:30,Add my-bounties page and enhance bounty management,False,1,BountyCard.js,components/BountyCard.js,208,76,284,0,0
afdb9d97b4196492e48df1eb02b2027aaea5a6d6,Flare3416,Flare3416,2025-09-11 21:53:29+00:00,2025-09-12T03:23:29+05:30,Add my-bounties page and enhance bounty management,False,1,DashboardNavbar.js,components/DashboardNavbar.js,9,1,10,0,0
afdb9d97b4196492e48df1eb02b2027aaea5a6d6,Flare3416,Flare3416,2025-09-11 21:53:29+00:00,2025-09-12T03:23:29+05:30,Add my-bounties page and enhance bounty management,False,1,bountyData.js,utils/bountyData.js,142,11,153,0,0
afdb9d97b4196492e48df1eb02b2027aaea5a6d6,Flare3416,Flare3416,2025-09-11 21:53:29+00:00,2025-09-12T03:23:29+05:30,Add my-bounties page and enhance bounty management,False,1,userData.js,utils/userData.js,15,0,15,0,0
afdb9d97b4196492e48df1eb02b2027aaea5a6d6,Flare3416,Flare3416,2025-09-11 21:53:29+00:00,2025-09-12T03:23:29+05:30,Add my-bounties page and enhance bounty management,False,1,page.js,app/my-bounties/page.js,566,0,566,0,0
05d72610d91af1be9bc32e064a8a8d3abfcc4c04,Flare3416,Flare3416,2025-09-16 07:45:24+00:00,2025-09-16T13:15:24+05:30,"Add applicants and my-applications pages, enhance bounty features",False,1,page.js,app/my-bounties/page.js,186,71,257,0,0
05d72610d91af1be9bc32e064a8a8d3abfcc4c04,Flare3416,Flare3416,2025-09-16 07:45:24+00:00,2025-09-16T13:15:24+05:30,"Add applicants and my-applications pages, enhance bounty features",False,1,page.js,app/applicants/page.js,427,0,427,0,0
05d72610d91af1be9bc32e064a8a8d3abfcc4c04,Flare3416,Flare3416,2025-09-16 07:45:24+00:00,2025-09-16T13:15:24+05:30,"Add applicants and my-applications pages, enhance bounty features",False,1,page.js,app/bounties/page.js,76,83,159,0,0
05d72610d91af1be9bc32e064a8a8d3abfcc4c04,Flare3416,Flare3416,2025-09-16 07:45:24+00:00,2025-09-16T13:15:24+05:30,"Add applicants and my-applications pages, enhance bounty features",False,1,page.js,app/bounty-dashboard/page.js,7,2,9,0,0
05d72610d91af1be9bc32e064a8a8d3abfcc4c04,Flare3416,Flare3416,2025-09-16 07:45:24+00:00,2025-09-16T13:15:24+05:30,"Add applicants and my-applications pages, enhance bounty features",False,1,page.js,app/create-bounty/page.js,227,4,231,0,0
05d72610d91af1be9bc32e064a8a8d3abfcc4c04,Flare3416,Flare3416,2025-09-16 07:45:24+00:00,2025-09-16T13:15:24+05:30,"Add applicants and my-applications pages, enhance bounty features",False,1,page.js,app/leaderboard/page.js,17,15,32,0,0
05d72610d91af1be9bc32e064a8a8d3abfcc4c04,Flare3416,Flare3416,2025-09-16 07:45:24+00:00,2025-09-16T13:15:24+05:30,"Add applicants and my-applications pages, enhance bounty features",False,1,page.js,app/my-applications/page.js,298,0,298,0,0
05d72610d91af1be9bc32e064a8a8d3abfcc4c04,Flare3416,Flare3416,2025-09-16 07:45:24+00:00,2025-09-16T13:15:24+05:30,"Add applicants and my-applications pages, enhance bounty features",False,1,page.js,app/profile/[username]/page.js,5,10,15,0,0
05d72610d91af1be9bc32e064a8a8d3abfcc4c04,Flare3416,Flare3416,2025-09-16 07:45:24+00:00,2025-09-16T13:15:24+05:30,"Add applicants and my-applications pages, enhance bounty features",False,1,DashboardNavbar.js,components/DashboardNavbar.js,16,0,16,0,0
05d72610d91af1be9bc32e064a8a8d3abfcc4c04,Flare3416,Flare3416,2025-09-16 07:45:24+00:00,2025-09-16T13:15:24+05:30,"Add applicants and my-applications pages, enhance bounty features",False,1,BountyModal.js,components/BountyModal.js,369,0,369,0,0
05d72610d91af1be9bc32e064a8a8d3abfcc4c04,Flare3416,Flare3416,2025-09-16 07:45:24+00:00,2025-09-16T13:15:24+05:30,"Add applicants and my-applications pages, enhance bounty features",False,1,CTA.js,components/CTA.js,2,1,3,0,0
05d72610d91af1be9bc32e064a8a8d3abfcc4c04,Flare3416,Flare3416,2025-09-16 07:45:24+00:00,2025-09-16T13:15:24+05:30,"Add applicants and my-applications pages, enhance bounty features",False,1,Hero.js,components/Hero.js,17,3,20,0,0
05d72610d91af1be9bc32e064a8a8d3abfcc4c04,Flare3416,Flare3416,2025-09-16 07:45:24+00:00,2025-09-16T13:15:24+05:30,"Add applicants and my-applications pages, enhance bounty features",False,1,Navbar.js,components/Navbar.js,1,1,2,0,0
05d72610d91af1be9bc32e064a8a8d3abfcc4c04,Flare3416,Flare3416,2025-09-16 07:45:24+00:00,2025-09-16T13:15:24+05:30,"Add applicants and my-applications pages, enhance bounty features",False,1,applicationData.js,utils/applicationData.js,517,0,517,0,0
05d72610d91af1be9bc32e064a8a8d3abfcc4c04,Flare3416,Flare3416,2025-09-16 07:45:24+00:00,2025-09-16T13:15:24+05:30,"Add applicants and my-applications pages, enhance bounty features",False,1,bountyData.js,utils/bountyData.js,59,31,90,0,0
05d72610d91af1be9bc32e064a8a8d3abfcc4c04,Flare3416,Flare3416,2025-09-16 07:45:24+00:00,2025-09-16T13:15:24+05:30,"Add applicants and my-applications pages, enhance bounty features",False,1,storageManager.js,utils/storageManager.js,100,0,100,0,0
05d72610d91af1be9bc32e064a8a8d3abfcc4c04,Flare3416,Flare3416,2025-09-16 07:45:24+00:00,2025-09-16T13:15:24+05:30,"Add applicants and my-applications pages, enhance bounty features",False,1,BountyCard.js,components/BountyCard.js,114,18,132,0,0
b85ddb9532259fd14af830a8af59e7882b6a7a29,Flare3416,Flare3416,2025-09-16 08:24:40+00:00,2025-09-16T13:54:40+05:30,Add creator leaderboard points system,False,1,page.js,app/auth-redirect/page.js,1,1,2,0,0
b85ddb9532259fd14af830a8af59e7882b6a7a29,Flare3416,Flare3416,2025-09-16 08:24:40+00:00,2025-09-16T13:54:40+05:30,Add creator leaderboard points system,False,1,page.js,app/bounty-dashboard/page.js,8,3,11,0,0
b85ddb9532259fd14af830a8af59e7882b6a7a29,Flare3416,Flare3416,2025-09-16 08:24:40+00:00,2025-09-16T13:54:40+05:30,Add creator leaderboard points system,False,1,page.js,app/dashboard/page.js,68,12,80,0,0
b85ddb9532259fd14af830a8af59e7882b6a7a29,Flare3416,Flare3416,2025-09-16 08:24:40+00:00,2025-09-16T13:54:40+05:30,Add creator leaderboard points system,False,1,page.js,app/leaderboard/page.js,8,71,79,0,0
b85ddb9532259fd14af830a8af59e7882b6a7a29,Flare3416,Flare3416,2025-09-16 08:24:40+00:00,2025-09-16T13:54:40+05:30,Add creator leaderboard points system,False,1,page.js,app/login/page.js,1,1,2,0,0
b85ddb9532259fd14af830a8af59e7882b6a7a29,Flare3416,Flare3416,2025-09-16 08:24:40+00:00,2025-09-16T13:54:40+05:30,Add creator leaderboard points system,False,1,page.js,app/profile-setup/page.js,3,3,6,0,0
b85ddb9532259fd14af830a8af59e7882b6a7a29,Flare3416,Flare3416,2025-09-16 08:24:40+00:00,2025-09-16T13:54:40+05:30,Add creator leaderboard points system,False,1,page.js,app/page.js,2,2,4,0,0
b85ddb9532259fd14af830a8af59e7882b6a7a29,Flare3416,Flare3416,2025-09-16 08:24:40+00:00,2025-09-16T13:54:40+05:30,Add creator leaderboard points system,False,1,page.js,app/my-bounties/page.js,16,0,16,0,0
b85ddb9532259fd14af830a8af59e7882b6a7a29,Flare3416,Flare3416,2025-09-16 08:24:40+00:00,2025-09-16T13:54:40+05:30,Add creator leaderboard points system,False,1,pointsSystem.js,utils/pointsSystem.js,348,0,348,0,0
b85ddb9532259fd14af830a8af59e7882b6a7a29,Flare3416,Flare3416,2025-09-16 08:24:40+00:00,2025-09-16T13:54:40+05:30,Add creator leaderboard points system,False,1,activityData.js,utils/activityData.js,4,1,5,0,0
b85ddb9532259fd14af830a8af59e7882b6a7a29,Flare3416,Flare3416,2025-09-16 08:24:40+00:00,2025-09-16T13:54:40+05:30,Add creator leaderboard points system,False,1,BountyModal.js,components/BountyModal.js,8,0,8,0,0
b85ddb9532259fd14af830a8af59e7882b6a7a29,Flare3416,Flare3416,2025-09-16 08:24:40+00:00,2025-09-16T13:54:40+05:30,Add creator leaderboard points system,False,1,page.js,app/profile/[username]/page.js,65,16,81,0,0
0dfade228170ee529de5e34f19ce6e564a7789f7,Flare3416,Flare3416,2025-11-12 16:17:11+00:00,2025-11-12T21:47:11+05:30,Refactor dashboards and navbars for role separation,False,1,.env.local.example,.env.local.example,12,0,12,0,0
0dfade228170ee529de5e34f19ce6e564a7789f7,Flare3416,Flare3416,2025-11-12 16:17:11+00:00,2025-11-12T21:47:11+05:30,Refactor dashboards and navbars for role separation,False,1,page.js,app/applicants/page.js,3,3,6,0,0
0dfade228170ee529de5e34f19ce6e564a7789f7,Flare3416,Flare3416,2025-11-12 16:17:11+00:00,2025-11-12T21:47:11+05:30,Refactor dashboards and navbars for role separation,False,1,page.js,app/bounties/page.js,4,3,7,0,0
0dfade228170ee529de5e34f19ce6e564a7789f7,Flare3416,Flare3416,2025-11-12 16:17:11+00:00,2025-11-12T21:47:11+05:30,Refactor dashboards and navbars for role separation,False,1,page.js,app/bounty-dashboard/page.js,15,374,389,0,0
0dfade228170ee529de5e34f19ce6e564a7789f7,Flare3416,Flare3416,2025-11-12 16:17:11+00:00,2025-11-12T21:47:11+05:30,Refactor dashboards and navbars for role separation,False,1,page.js,app/bounty-poster-setup/page.js,8,8,16,0,0
0dfade228170ee529de5e34f19ce6e564a7789f7,Flare3416,Flare3416,2025-11-12 16:17:11+00:00,2025-11-12T21:47:11+05:30,Refactor dashboards and navbars for role separation,False,1,page.js,app/create-bounty/page.js,3,3,6,0,1
0dfade228170ee529de5e34f19ce6e564a7789f7,Flare3416,Flare3416,2025-11-12 16:17:11+00:00,2025-11-12T21:47:11+05:30,Refactor dashboards and navbars for role separation,False,1,page.js,app/dashboard/page.js,27,278,305,0,0
0dfade228170ee529de5e34f19ce6e564a7789f7,Flare3416,Flare3416,2025-11-12 16:17:11+00:00,2025-11-12T21:47:11+05:30,Refactor dashboards and navbars for role separation,False,1,layout.js,app/layout.js,5,5,10,0,0
0dfade228170ee529de5e34f19ce6e564a7789f7,Flare3416,Flare3416,2025-11-12 16:17:11+00:00,2025-11-12T21:47:11+05:30,Refactor dashboards and navbars for role separation,False,1,page.js,app/leaderboard/page.js,8,3,11,0,0
0dfade228170ee529de5e34f19ce6e564a7789f7,Flare3416,Flare3416,2025-11-12 16:17:11+00:00,2025-11-12T21:47:11+05:30,Refactor dashboards and navbars for role separation,False,1,page.js,app/my-applications/page.js,3,3,6,0,0
0dfade228170ee529de5e34f19ce6e564a7789f7,Flare3416,Flare3416,2025-11-12 16:17:11+00:00,2025-11-12T21:47:11+05:30,Refactor dashboards and navbars for role separation,False,1,page.js,app/my-bounties/page.js,2,2,4,0,0
0dfade228170ee529de5e34f19ce6e564a7789f7,Flare3416,Flare3416,2025-11-12 16:17:11+00:00,2025-11-12T21:47:11+05:30,Refactor dashboards and navbars for role separation,False,1,page.js,app/profile/[username]/page.js,198,3,201,0,0
0dfade228170ee529de5e34f19ce6e564a7789f7,Flare3416,Flare3416,2025-11-12 16:17:11+00:00,2025-11-12T21:47:11+05:30,Refactor dashboards and navbars for role separation,False,1,BountyCard.js,components/BountyCard.js,4,3,7,0,0
0dfade228170ee529de5e34f19ce6e564a7789f7,Flare3416,Flare3416,2025-11-12 16:17:11+00:00,2025-11-12T21:47:11+05:30,Refactor dashboards and navbars for role separation,False,1,BountyHunterDashboard.js,components/BountyHunterDashboard.js,365,0,365,0,0
0dfade228170ee529de5e34f19ce6e564a7789f7,Flare3416,Flare3416,2025-11-12 16:17:11+00:00,2025-11-12T21:47:11+05:30,Refactor dashboards and navbars for role separation,False,1,BountyHunterNavbar.js,components/BountyHunterNavbar.js,221,0,221,0,0
0dfade228170ee529de5e34f19ce6e564a7789f7,Flare3416,Flare3416,2025-11-12 16:17:11+00:00,2025-11-12T21:47:11+05:30,Refactor dashboards and navbars for role separation,False,1,BountyPosterDashboard.js,components/BountyPosterDashboard.js,368,0,368,0,0
0dfade228170ee529de5e34f19ce6e564a7789f7,Flare3416,Flare3416,2025-11-12 16:17:11+00:00,2025-11-12T21:47:11+05:30,Refactor dashboards and navbars for role separation,False,1,BountyPosterNavbar.js,components/BountyPosterNavbar.js,211,0,211,0,0
0dfade228170ee529de5e34f19ce6e564a7789f7,Flare3416,Flare3416,2025-11-12 16:17:11+00:00,2025-11-12T21:47:11+05:30,Refactor dashboards and navbars for role separation,False,1,DashboardNavbar.js,components/DashboardNavbar.js,0,337,337,0,0
0dfade228170ee529de5e34f19ce6e564a7789f7,Flare3416,Flare3416,2025-11-12 16:17:11+00:00,2025-11-12T21:47:11+05:30,Refactor dashboards and navbars for role separation,False,1,next.config.mjs,next.config.mjs,44,1,45,0,1
0dfade228170ee529de5e34f19ce6e564a7789f7,Flare3416,Flare3416,2025-11-12 16:17:11+00:00,2025-11-12T21:47:11+05:30,Refactor dashboards and navbars for role separation,False,1,applicationData.js,utils/applicationData.js,10,9,19,0,0
0dfade228170ee529de5e34f19ce6e564a7789f7,Flare3416,Flare3416,2025-11-12 16:17:11+00:00,2025-11-12T21:47:11+05:30,Refactor dashboards and navbars for role separation,False,1,donationData.js,utils/donationData.js,83,0,83,0,0
0dfade228170ee529de5e34f19ce6e564a7789f7,Flare3416,Flare3416,2025-11-12 16:17:11+00:00,2025-11-12T21:47:11+05:30,Refactor dashboards and navbars for role separation,False,1,page.js,app/my-donations/page.js,199,0,199,0,0
0dfade228170ee529de5e34f19ce6e564a7789f7,Flare3416,Flare3416,2025-11-12 16:17:11+00:00,2025-11-12T21:47:11+05:30,Refactor dashboards and navbars for role separation,False,1,page.js,app/profile-setup/page.js,7,6,13,0,0
5a4900b6b65057aafa161dbf705414129f89d7b4,Flare3416,Flare3416,2025-11-12 16:23:25+00:00,2025-11-12T21:53:25+05:30,Delete .env.local.example,False,1,.env.local.example,.env.local.example,0,12,12,0,0
d15cad33b6ea64eb4f5f79878683539305fe5bfa,Flare3416,Flare3416,2025-11-12 16:32:31+00:00,2025-11-12T22:02:31+05:30,Fix: Ignore ESLint warnings during Vercel build,False,1,next.config.mjs,next.config.mjs,5,0,5,1,0
d15cad33b6ea64eb4f5f79878683539305fe5bfa,Flare3416,Flare3416,2025-11-12 16:32:31+00:00,2025-11-12T22:02:31+05:30,Fix: Ignore ESLint warnings during Vercel build,False,1,eslint.config.mjs,eslint.config.mjs,8,1,9,1,0
c505fe33e1220f75f125fb844fc4659afa40d6b3,Flare3416,Flare3416,2025-11-12 16:34:42+00:00,2025-11-12T22:04:42+05:30,Fix: Wrap useSearchParams in Suspense boundary for deployment,False,1,page.js,app/create-bounty/page.js,17,2,19,1,0
17640b7da8e474099e8a157ce3d763ec750eb412,Ujjwal Kumar,Ujjwal Kumar,2026-05-15 12:33:11+00:00,2026-05-15T18:03:11+05:30,Format codebase & normalize line endings,False,1,userData.js,utils/userData.js,182,182,364,0,0
17640b7da8e474099e8a157ce3d763ec750eb412,Ujjwal Kumar,Ujjwal Kumar,2026-05-15 12:33:11+00:00,2026-05-15T18:03:11+05:30,Format codebase & normalize line endings,False,1,BountyModal.js,components/BountyModal.js,376,376,752,0,0
17640b7da8e474099e8a157ce3d763ec750eb412,Ujjwal Kumar,Ujjwal Kumar,2026-05-15 12:33:11+00:00,2026-05-15T18:03:11+05:30,Format codebase & normalize line endings,False,1,BountyHunterNavbar.js,components/BountyHunterNavbar.js,221,221,442,0,0
17640b7da8e474099e8a157ce3d763ec750eb412,Ujjwal Kumar,Ujjwal Kumar,2026-05-15 12:33:11+00:00,2026-05-15T18:03:11+05:30,Format codebase & normalize line endings,False,1,BountyHunterDashboard.js,components/BountyHunterDashboard.js,364,364,728,0,0
17640b7da8e474099e8a157ce3d763ec750eb412,Ujjwal Kumar,Ujjwal Kumar,2026-05-15 12:33:11+00:00,2026-05-15T18:03:11+05:30,Format codebase & normalize line endings,False,1,BountyCard.js,components/BountyCard.js,382,382,764,0,0
17640b7da8e474099e8a157ce3d763ec750eb412,Ujjwal Kumar,Ujjwal Kumar,2026-05-15 12:33:11+00:00,2026-05-15T18:03:11+05:30,Format codebase & normalize line endings,False,1,page.js,app/profile/[username]/page.js,650,650,1300,0,0
17640b7da8e474099e8a157ce3d763ec750eb412,Ujjwal Kumar,Ujjwal Kumar,2026-05-15 12:33:11+00:00,2026-05-15T18:03:11+05:30,Format codebase & normalize line endings,False,1,page.js,app/profile-setup/page.js,1152,1152,2304,0,0
17640b7da8e474099e8a157ce3d763ec750eb412,Ujjwal Kumar,Ujjwal Kumar,2026-05-15 12:33:11+00:00,2026-05-15T18:03:11+05:30,Format codebase & normalize line endings,False,1,page.js,app/my-donations/page.js,199,199,398,0,0
17640b7da8e474099e8a157ce3d763ec750eb412,Ujjwal Kumar,Ujjwal Kumar,2026-05-15 12:33:11+00:00,2026-05-15T18:03:11+05:30,Format codebase & normalize line endings,False,1,page.js,app/my-bounties/page.js,696,696,1392,0,0
17640b7da8e474099e8a157ce3d763ec750eb412,Ujjwal Kumar,Ujjwal Kumar,2026-05-15 12:33:11+00:00,2026-05-15T18:03:11+05:30,Format codebase & normalize line endings,False,1,page.js,app/my-applications/page.js,297,297,594,0,0
17640b7da8e474099e8a157ce3d763ec750eb412,Ujjwal Kumar,Ujjwal Kumar,2026-05-15 12:33:11+00:00,2026-05-15T18:03:11+05:30,Format codebase & normalize line endings,False,1,page.js,app/login/page.js,123,123,246,0,0
17640b7da8e474099e8a157ce3d763ec750eb412,Ujjwal Kumar,Ujjwal Kumar,2026-05-15 12:33:11+00:00,2026-05-15T18:03:11+05:30,Format codebase & normalize line endings,False,1,page.js,app/leaderboard/page.js,302,302,604,0,0
17640b7da8e474099e8a157ce3d763ec750eb412,Ujjwal Kumar,Ujjwal Kumar,2026-05-15 12:33:11+00:00,2026-05-15T18:03:11+05:30,Format codebase & normalize line endings,False,1,page.js,app/dashboard/page.js,72,72,144,0,0
17640b7da8e474099e8a157ce3d763ec750eb412,Ujjwal Kumar,Ujjwal Kumar,2026-05-15 12:33:11+00:00,2026-05-15T18:03:11+05:30,Format codebase & normalize line endings,False,1,page.js,app/create-bounty/page.js,635,635,1270,0,0
17640b7da8e474099e8a157ce3d763ec750eb412,Ujjwal Kumar,Ujjwal Kumar,2026-05-15 12:33:11+00:00,2026-05-15T18:03:11+05:30,Format codebase & normalize line endings,False,1,page.js,app/bounty-poster-setup/page.js,593,593,1186,0,0
17640b7da8e474099e8a157ce3d763ec750eb412,Ujjwal Kumar,Ujjwal Kumar,2026-05-15 12:33:11+00:00,2026-05-15T18:03:11+05:30,Format codebase & normalize line endings,False,1,page.js,app/bounty-dashboard/page.js,56,56,112,0,0
17640b7da8e474099e8a157ce3d763ec750eb412,Ujjwal Kumar,Ujjwal Kumar,2026-05-15 12:33:11+00:00,2026-05-15T18:03:11+05:30,Format codebase & normalize line endings,False,1,page.js,app/bounties/page.js,328,328,656,0,0
17640b7da8e474099e8a157ce3d763ec750eb412,Ujjwal Kumar,Ujjwal Kumar,2026-05-15 12:33:11+00:00,2026-05-15T18:03:11+05:30,Format codebase & normalize line endings,False,1,page.js,app/auth-redirect/page.js,89,89,178,0,0
17640b7da8e474099e8a157ce3d763ec750eb412,Ujjwal Kumar,Ujjwal Kumar,2026-05-15 12:33:11+00:00,2026-05-15T18:03:11+05:30,Format codebase & normalize line endings,False,1,page.js,app/applicants/page.js,426,426,852,0,0
17640b7da8e474099e8a157ce3d763ec750eb412,Ujjwal Kumar,Ujjwal Kumar,2026-05-15 12:33:11+00:00,2026-05-15T18:03:11+05:30,Format codebase & normalize line endings,False,1,route.js,app/api/auth/[...nextauth]/route.js,63,63,126,0,0
17640b7da8e474099e8a157ce3d763ec750eb412,Ujjwal Kumar,Ujjwal Kumar,2026-05-15 12:33:11+00:00,2026-05-15T18:03:11+05:30,Format codebase & normalize line endings,False,1,.gitignore,.gitignore,92,92,184,0,0
17640b7da8e474099e8a157ce3d763ec750eb412,Ujjwal Kumar,Ujjwal Kumar,2026-05-15 12:33:11+00:00,2026-05-15T18:03:11+05:30,Format codebase & normalize line endings,False,1,BountyPosterDashboard.js,components/BountyPosterDashboard.js,367,367,734,0,0
17640b7da8e474099e8a157ce3d763ec750eb412,Ujjwal Kumar,Ujjwal Kumar,2026-05-15 12:33:11+00:00,2026-05-15T18:03:11+05:30,Format codebase & normalize line endings,False,1,BountyPosterNavbar.js,components/BountyPosterNavbar.js,211,211,422,0,0
17640b7da8e474099e8a157ce3d763ec750eb412,Ujjwal Kumar,Ujjwal Kumar,2026-05-15 12:33:11+00:00,2026-05-15T18:03:11+05:30,Format codebase & normalize line endings,False,1,layout.js,app/layout.js,132,132,264,0,0
17640b7da8e474099e8a157ce3d763ec750eb412,Ujjwal Kumar,Ujjwal Kumar,2026-05-15 12:33:11+00:00,2026-05-15T18:03:11+05:30,Format codebase & normalize line endings,False,1,Features.js,components/Features.js,81,81,162,0,0
17640b7da8e474099e8a157ce3d763ec750eb412,Ujjwal Kumar,Ujjwal Kumar,2026-05-15 12:33:11+00:00,2026-05-15T18:03:11+05:30,Format codebase & normalize line endings,False,1,pointsSystem.js,utils/pointsSystem.js,347,347,694,0,0
17640b7da8e474099e8a157ce3d763ec750eb412,Ujjwal Kumar,Ujjwal Kumar,2026-05-15 12:33:11+00:00,2026-05-15T18:03:11+05:30,Format codebase & normalize line endings,False,1,donationData.js,utils/donationData.js,83,83,166,0,0
17640b7da8e474099e8a157ce3d763ec750eb412,Ujjwal Kumar,Ujjwal Kumar,2026-05-15 12:33:11+00:00,2026-05-15T18:03:11+05:30,Format codebase & normalize line endings,False,1,bountyData.js,utils/bountyData.js,347,347,694,0,0
17640b7da8e474099e8a157ce3d763ec750eb412,Ujjwal Kumar,Ujjwal Kumar,2026-05-15 12:33:11+00:00,2026-05-15T18:03:11+05:30,Format codebase & normalize line endings,False,1,applicationData.js,utils/applicationData.js,518,518,1036,0,0
17640b7da8e474099e8a157ce3d763ec750eb412,Ujjwal Kumar,Ujjwal Kumar,2026-05-15 12:33:11+00:00,2026-05-15T18:03:11+05:30,Format codebase & normalize line endings,False,1,activityData.js,utils/activityData.js,130,130,260,0,0
17640b7da8e474099e8a157ce3d763ec750eb412,Ujjwal Kumar,Ujjwal Kumar,2026-05-15 12:33:11+00:00,2026-05-15T18:03:11+05:30,Format codebase & normalize line endings,False,1,tailwind.config.js,tailwind.config.js,101,101,202,0,0
17640b7da8e474099e8a157ce3d763ec750eb412,Ujjwal Kumar,Ujjwal Kumar,2026-05-15 12:33:11+00:00,2026-05-15T18:03:11+05:30,Format codebase & normalize line endings,False,1,next.config.mjs,next.config.mjs,52,52,104,0,0
17640b7da8e474099e8a157ce3d763ec750eb412,Ujjwal Kumar,Ujjwal Kumar,2026-05-15 12:33:11+00:00,2026-05-15T18:03:11+05:30,Format codebase & normalize line endings,False,1,utils.js,lib/utils.js,6,6,12,0,0
17640b7da8e474099e8a157ce3d763ec750eb412,Ujjwal Kumar,Ujjwal Kumar,2026-05-15 12:33:11+00:00,2026-05-15T18:03:11+05:30,Format codebase & normalize line endings,False,1,card.jsx,components/ui/card.jsx,101,101,202,0,0
17640b7da8e474099e8a157ce3d763ec750eb412,Ujjwal Kumar,Ujjwal Kumar,2026-05-15 12:33:11+00:00,2026-05-15T18:03:11+05:30,Format codebase & normalize line endings,False,1,button.jsx,components/ui/button.jsx,55,55,110,0,0
17640b7da8e474099e8a157ce3d763ec750eb412,Ujjwal Kumar,Ujjwal Kumar,2026-05-15 12:33:11+00:00,2026-05-15T18:03:11+05:30,Format codebase & normalize line endings,False,1,storageManager.js,utils/storageManager.js,99,99,198,0,0
17640b7da8e474099e8a157ce3d763ec750eb412,Ujjwal Kumar,Ujjwal Kumar,2026-05-15 12:33:11+00:00,2026-05-15T18:03:11+05:30,Format codebase & normalize line endings,False,1,avatar.jsx,components/ui/avatar.jsx,47,47,94,0,0
17640b7da8e474099e8a157ce3d763ec750eb412,Ujjwal Kumar,Ujjwal Kumar,2026-05-15 12:33:11+00:00,2026-05-15T18:03:11+05:30,Format codebase & normalize line endings,False,1,TopCreators.js,components/TopCreators.js,94,94,188,0,0
17640b7da8e474099e8a157ce3d763ec750eb412,Ujjwal Kumar,Ujjwal Kumar,2026-05-15 12:33:11+00:00,2026-05-15T18:03:11+05:30,Format codebase & normalize line endings,False,1,SessionWrapper.js,components/SessionWrapper.js,10,10,20,0,0
17640b7da8e474099e8a157ce3d763ec750eb412,Ujjwal Kumar,Ujjwal Kumar,2026-05-15 12:33:11+00:00,2026-05-15T18:03:11+05:30,Format codebase & normalize line endings,False,1,SakuraPetals.js,components/SakuraPetals.js,45,45,90,0,0
17640b7da8e474099e8a157ce3d763ec750eb412,Ujjwal Kumar,Ujjwal Kumar,2026-05-15 12:33:11+00:00,2026-05-15T18:03:11+05:30,Format codebase & normalize line endings,False,1,RoleSelectionModal.js,components/RoleSelectionModal.js,96,96,192,0,0
17640b7da8e474099e8a157ce3d763ec750eb412,Ujjwal Kumar,Ujjwal Kumar,2026-05-15 12:33:11+00:00,2026-05-15T18:03:11+05:30,Format codebase & normalize line endings,False,1,PurplePetals.js,components/PurplePetals.js,45,45,90,0,0
17640b7da8e474099e8a157ce3d763ec750eb412,Ujjwal Kumar,Ujjwal Kumar,2026-05-15 12:33:11+00:00,2026-05-15T18:03:11+05:30,Format codebase & normalize line endings,False,1,Navbar.js,components/Navbar.js,92,92,184,0,0
17640b7da8e474099e8a157ce3d763ec750eb412,Ujjwal Kumar,Ujjwal Kumar,2026-05-15 12:33:11+00:00,2026-05-15T18:03:11+05:30,Format codebase & normalize line endings,False,1,Hero.js,components/Hero.js,96,96,192,0,0
17640b7da8e474099e8a157ce3d763ec750eb412,Ujjwal Kumar,Ujjwal Kumar,2026-05-15 12:33:11+00:00,2026-05-15T18:03:11+05:30,Format codebase & normalize line endings,False,1,Footer.js,components/Footer.js,68,68,136,0,0
17640b7da8e474099e8a157ce3d763ec750eb412,Ujjwal Kumar,Ujjwal Kumar,2026-05-15 12:33:11+00:00,2026-05-15T18:03:11+05:30,Format codebase & normalize line endings,False,1,badge.jsx,components/ui/badge.jsx,44,44,88,0,0
17640b7da8e474099e8a157ce3d763ec750eb412,Ujjwal Kumar,Ujjwal Kumar,2026-05-15 12:33:11+00:00,2026-05-15T18:03:11+05:30,Format codebase & normalize line endings,False,1,CTA.js,components/CTA.js,50,50,100,0,0
224095dfe5bb050c5744501768df725476134837,Ujjwal Kumar,Ujjwal Kumar,2026-05-15 12:53:20+00:00,2026-05-15T18:23:20+05:30,Update page.js,False,1,page.js,app/activity/page.js,4,0,4,0,0
4d130c4040119fb130be3ffaf748d357a83ab050,Ujjwal Kumar,Ujjwal Kumar,2026-07-27 13:16:42+00:00,2026-07-27T18:46:42+05:30,chore: migrate Next.js config to v16,False,1,next.config.mjs,next.config.mjs,0,52,52,0,0
594cd263fad7eefcd78e40850f17a64491778c7b,Ujjwal Kumar,Ujjwal Kumar,2026-07-27 13:29:52+00:00,2026-07-27T18:59:52+05:30,chore: upgrade Next.js 16.2.12 and React 19.2.8,False,1,next.config.mjs,next.config.mjs,67,0,67,0,0
5ade85db977adbc39ab165ae897ad00a20454114,Ujjwal Kumar,Ujjwal Kumar,2026-07-27 13:33:58+00:00,2026-07-27T19:03:58+05:30,chore: upgrade core dependencies,False,1,layout.js,app/layout.js,1,1,2,0,0
aab1b8c1a9a766d04802698891db0f475d92a407,Ujjwal Kumar,Ujjwal Kumar,2026-07-27 15:49:37+00:00,2026-07-27T21:19:37+05:30,Refactor project for Next.js 16 and ESLint 9 compatibility,False,1,eslint.config.mjs,eslint.config.mjs,13,14,27,0,0
aab1b8c1a9a766d04802698891db0f475d92a407,Ujjwal Kumar,Ujjwal Kumar,2026-07-27 15:49:37+00:00,2026-07-27T21:19:37+05:30,Refactor project for Next.js 16 and ESLint 9 compatibility,False,1,page.js,app/applicants/page.js,44,36,80,0,0
aab1b8c1a9a766d04802698891db0f475d92a407,Ujjwal Kumar,Ujjwal Kumar,2026-07-27 15:49:37+00:00,2026-07-27T21:19:37+05:30,Refactor project for Next.js 16 and ESLint 9 compatibility,False,1,page.js,app/create-bounty/page.js,4,2,6,0,0
aab1b8c1a9a766d04802698891db0f475d92a407,Ujjwal Kumar,Ujjwal Kumar,2026-07-27 15:49:37+00:00,2026-07-27T21:19:37+05:30,Refactor project for Next.js 16 and ESLint 9 compatibility,False,1,page.js,app/leaderboard/page.js,14,15,29,0,0
aab1b8c1a9a766d04802698891db0f475d92a407,Ujjwal Kumar,Ujjwal Kumar,2026-07-27 15:49:37+00:00,2026-07-27T21:19:37+05:30,Refactor project for Next.js 16 and ESLint 9 compatibility,False,1,page.js,app/login/page.js,1,1,2,0,0
aab1b8c1a9a766d04802698891db0f475d92a407,Ujjwal Kumar,Ujjwal Kumar,2026-07-27 15:49:37+00:00,2026-07-27T21:19:37+05:30,Refactor project for Next.js 16 and ESLint 9 compatibility,False,1,page.js,app/my-applications/page.js,25,24,49,0,0
aab1b8c1a9a766d04802698891db0f475d92a407,Ujjwal Kumar,Ujjwal Kumar,2026-07-27 15:49:37+00:00,2026-07-27T21:19:37+05:30,Refactor project for Next.js 16 and ESLint 9 compatibility,False,1,page.js,app/bounty-poster-setup/page.js,54,50,104,0,0
aab1b8c1a9a766d04802698891db0f475d92a407,Ujjwal Kumar,Ujjwal Kumar,2026-07-27 15:49:37+00:00,2026-07-27T21:19:37+05:30,Refactor project for Next.js 16 and ESLint 9 compatibility,False,1,page.js,app/my-donations/page.js,2,2,4,0,0
aab1b8c1a9a766d04802698891db0f475d92a407,Ujjwal Kumar,Ujjwal Kumar,2026-07-27 15:49:37+00:00,2026-07-27T21:19:37+05:30,Refactor project for Next.js 16 and ESLint 9 compatibility,False,1,page.js,app/profile-setup/page.js,20,16,36,0,0
aab1b8c1a9a766d04802698891db0f475d92a407,Ujjwal Kumar,Ujjwal Kumar,2026-07-27 15:49:37+00:00,2026-07-27T21:19:37+05:30,Refactor project for Next.js 16 and ESLint 9 compatibility,False,1,page.js,app/profile/[username]/page.js,2,2,4,0,0
aab1b8c1a9a766d04802698891db0f475d92a407,Ujjwal Kumar,Ujjwal Kumar,2026-07-27 15:49:37+00:00,2026-07-27T21:19:37+05:30,Refactor project for Next.js 16 and ESLint 9 compatibility,False,1,BountyCard.js,components/BountyCard.js,1,1,2,0,0
aab1b8c1a9a766d04802698891db0f475d92a407,Ujjwal Kumar,Ujjwal Kumar,2026-07-27 15:49:37+00:00,2026-07-27T21:19:37+05:30,Refactor project for Next.js 16 and ESLint 9 compatibility,False,1,RoleSelectionModal.js,components/RoleSelectionModal.js,2,2,4,0,0
aab1b8c1a9a766d04802698891db0f475d92a407,Ujjwal Kumar,Ujjwal Kumar,2026-07-27 15:49:37+00:00,2026-07-27T21:19:37+05:30,Refactor project for Next.js 16 and ESLint 9 compatibility,False,1,page.js,app/my-bounties/page.js,10,7,17,0,0
710a9e17b9f21d99f1234b7f4afca7cc796dac07,Ujjwal Kumar,Ujjwal Kumar,2026-07-27 18:56:31+00:00,2026-07-28T00:26:31+05:30,feat: redesign landing page with premium dark SaaS UI,False,1,page.js,app/applicants/page.js,2,2,4,0,0
710a9e17b9f21d99f1234b7f4afca7cc796dac07,Ujjwal Kumar,Ujjwal Kumar,2026-07-27 18:56:31+00:00,2026-07-28T00:26:31+05:30,feat: redesign landing page with premium dark SaaS UI,False,1,page.js,app/auth-redirect/page.js,2,2,4,0,0
710a9e17b9f21d99f1234b7f4afca7cc796dac07,Ujjwal Kumar,Ujjwal Kumar,2026-07-27 18:56:31+00:00,2026-07-28T00:26:31+05:30,feat: redesign landing page with premium dark SaaS UI,False,1,page.js,app/bounties/page.js,2,3,5,0,0
710a9e17b9f21d99f1234b7f4afca7cc796dac07,Ujjwal Kumar,Ujjwal Kumar,2026-07-27 18:56:31+00:00,2026-07-28T00:26:31+05:30,feat: redesign landing page with premium dark SaaS UI,False,1,page.js,app/bounty-poster-setup/page.js,3,3,6,0,0
710a9e17b9f21d99f1234b7f4afca7cc796dac07,Ujjwal Kumar,Ujjwal Kumar,2026-07-27 18:56:31+00:00,2026-07-28T00:26:31+05:30,feat: redesign landing page with premium dark SaaS UI,False,1,page.js,app/create-bounty/page.js,2,2,4,0,0
710a9e17b9f21d99f1234b7f4afca7cc796dac07,Ujjwal Kumar,Ujjwal Kumar,2026-07-27 18:56:31+00:00,2026-07-28T00:26:31+05:30,feat: redesign landing page with premium dark SaaS UI,False,1,page.js,app/my-applications/page.js,2,2,4,0,0
710a9e17b9f21d99f1234b7f4afca7cc796dac07,Ujjwal Kumar,Ujjwal Kumar,2026-07-27 18:56:31+00:00,2026-07-28T00:26:31+05:30,feat: redesign landing page with premium dark SaaS UI,False,1,layout.js,app/layout.js,2,5,7,0,0
710a9e17b9f21d99f1234b7f4afca7cc796dac07,Ujjwal Kumar,Ujjwal Kumar,2026-07-27 18:56:31+00:00,2026-07-28T00:26:31+05:30,feat: redesign landing page with premium dark SaaS UI,False,1,page.js,app/leaderboard/page.js,4,4,8,0,0
710a9e17b9f21d99f1234b7f4afca7cc796dac07,Ujjwal Kumar,Ujjwal Kumar,2026-07-27 18:56:31+00:00,2026-07-28T00:26:31+05:30,feat: redesign landing page with premium dark SaaS UI,False,1,page.js,app/login/page.js,2,2,4,0,0
710a9e17b9f21d99f1234b7f4afca7cc796dac07,Ujjwal Kumar,Ujjwal Kumar,2026-07-27 18:56:31+00:00,2026-07-28T00:26:31+05:30,feat: redesign landing page with premium dark SaaS UI,False,1,page.js,app/my-bounties/page.js,2,2,4,0,0
710a9e17b9f21d99f1234b7f4afca7cc796dac07,Ujjwal Kumar,Ujjwal Kumar,2026-07-27 18:56:31+00:00,2026-07-28T00:26:31+05:30,feat: redesign landing page with premium dark SaaS UI,False,1,CTA.js,components/CTA.js,9,50,59,0,0
710a9e17b9f21d99f1234b7f4afca7cc796dac07,Ujjwal Kumar,Ujjwal Kumar,2026-07-27 18:56:31+00:00,2026-07-28T00:26:31+05:30,feat: redesign landing page with premium dark SaaS UI,False,1,page.js,app/page.js,7,36,43,0,0
710a9e17b9f21d99f1234b7f4afca7cc796dac07,Ujjwal Kumar,Ujjwal Kumar,2026-07-27 18:56:31+00:00,2026-07-28T00:26:31+05:30,feat: redesign landing page with premium dark SaaS UI,False,1,TopCreators.js,components/TopCreators.js,9,94,103,0,0
710a9e17b9f21d99f1234b7f4afca7cc796dac07,Ujjwal Kumar,Ujjwal Kumar,2026-07-27 18:56:31+00:00,2026-07-28T00:26:31+05:30,feat: redesign landing page with premium dark SaaS UI,False,1,page.js,app/my-donations/page.js,3,3,6,0,0
710a9e17b9f21d99f1234b7f4afca7cc796dac07,Ujjwal Kumar,Ujjwal Kumar,2026-07-27 18:56:31+00:00,2026-07-28T00:26:31+05:30,feat: redesign landing page with premium dark SaaS UI,False,1,Hero.js,components/Hero.js,41,96,137,0,0
710a9e17b9f21d99f1234b7f4afca7cc796dac07,Ujjwal Kumar,Ujjwal Kumar,2026-07-27 18:56:31+00:00,2026-07-28T00:26:31+05:30,feat: redesign landing page with premium dark SaaS UI,False,1,Footer.js,components/Footer.js,7,68,75,0,0
710a9e17b9f21d99f1234b7f4afca7cc796dac07,Ujjwal Kumar,Ujjwal Kumar,2026-07-27 18:56:31+00:00,2026-07-28T00:26:31+05:30,feat: redesign landing page with premium dark SaaS UI,False,1,Navbar.js,components/Navbar.js,21,93,114,0,0
710a9e17b9f21d99f1234b7f4afca7cc796dac07,Ujjwal Kumar,Ujjwal Kumar,2026-07-27 18:56:31+00:00,2026-07-28T00:26:31+05:30,feat: redesign landing page with premium dark SaaS UI,False,1,BountyPosterDashboard.js,components/BountyPosterDashboard.js,3,3,6,0,0
710a9e17b9f21d99f1234b7f4afca7cc796dac07,Ujjwal Kumar,Ujjwal Kumar,2026-07-27 18:56:31+00:00,2026-07-28T00:26:31+05:30,feat: redesign landing page with premium dark SaaS UI,False,1,BountyHunterDashboard.js,components/BountyHunterDashboard.js,2,2,4,0,0
710a9e17b9f21d99f1234b7f4afca7cc796dac07,Ujjwal Kumar,Ujjwal Kumar,2026-07-27 18:56:31+00:00,2026-07-28T00:26:31+05:30,feat: redesign landing page with premium dark SaaS UI,False,1,page.js,app/profile/[username]/page.js,4,4,8,0,0
710a9e17b9f21d99f1234b7f4afca7cc796dac07,Ujjwal Kumar,Ujjwal Kumar,2026-07-27 18:56:31+00:00,2026-07-28T00:26:31+05:30,feat: redesign landing page with premium dark SaaS UI,False,1,page.js,app/profile-setup/page.js,2,2,4,0,0
710a9e17b9f21d99f1234b7f4afca7cc796dac07,Ujjwal Kumar,Ujjwal Kumar,2026-07-27 18:56:31+00:00,2026-07-28T00:26:31+05:30,feat: redesign landing page with premium dark SaaS UI,False,1,Features.js,components/Features.js,9,81,90,0,0
b8875857f0122cfdd1977245318c724c6f6c7ad2,Ujjwal Kumar,Ujjwal Kumar,2026-07-27 20:09:00+00:00,2026-07-28T01:39:00+05:30,feat: revamp landing page and authentication flow,False,1,route.js,app/api/auth/[...nextauth]/route.js,32,34,66,0,0
b8875857f0122cfdd1977245318c724c6f6c7ad2,Ujjwal Kumar,Ujjwal Kumar,2026-07-27 20:09:00+00:00,2026-07-28T01:39:00+05:30,feat: revamp landing page and authentication flow,False,1,page.js,app/applicants/page.js,1,1,2,0,0
b8875857f0122cfdd1977245318c724c6f6c7ad2,Ujjwal Kumar,Ujjwal Kumar,2026-07-27 20:09:00+00:00,2026-07-28T01:39:00+05:30,feat: revamp landing page and authentication flow,False,1,page.js,app/auth-redirect/page.js,1,1,2,0,0
b8875857f0122cfdd1977245318c724c6f6c7ad2,Ujjwal Kumar,Ujjwal Kumar,2026-07-27 20:09:00+00:00,2026-07-28T01:39:00+05:30,feat: revamp landing page and authentication flow,False,1,page.js,app/bounties/page.js,1,1,2,0,0
b8875857f0122cfdd1977245318c724c6f6c7ad2,Ujjwal Kumar,Ujjwal Kumar,2026-07-27 20:09:00+00:00,2026-07-28T01:39:00+05:30,feat: revamp landing page and authentication flow,False,1,page.js,app/bounty-poster-setup/page.js,1,1,2,0,0
b8875857f0122cfdd1977245318c724c6f6c7ad2,Ujjwal Kumar,Ujjwal Kumar,2026-07-27 20:09:00+00:00,2026-07-28T01:39:00+05:30,feat: revamp landing page and authentication flow,False,1,layout.js,app/layout.js,18,11,29,0,0
b8875857f0122cfdd1977245318c724c6f6c7ad2,Ujjwal Kumar,Ujjwal Kumar,2026-07-27 20:09:00+00:00,2026-07-28T01:39:00+05:30,feat: revamp landing page and authentication flow,False,1,page.js,app/leaderboard/page.js,0,4,4,0,0
b8875857f0122cfdd1977245318c724c6f6c7ad2,Ujjwal Kumar,Ujjwal Kumar,2026-07-27 20:09:00+00:00,2026-07-28T01:39:00+05:30,feat: revamp landing page and authentication flow,False,1,page.js,app/profile-setup/page.js,1,1,2,0,0
b8875857f0122cfdd1977245318c724c6f6c7ad2,Ujjwal Kumar,Ujjwal Kumar,2026-07-27 20:09:00+00:00,2026-07-28T01:39:00+05:30,feat: revamp landing page and authentication flow,False,1,page.js,app/my-applications/page.js,1,1,2,0,0
b8875857f0122cfdd1977245318c724c6f6c7ad2,Ujjwal Kumar,Ujjwal Kumar,2026-07-27 20:09:00+00:00,2026-07-28T01:39:00+05:30,feat: revamp landing page and authentication flow,False,1,page.js,app/profile/[username]/page.js,1,1,2,0,0
b8875857f0122cfdd1977245318c724c6f6c7ad2,Ujjwal Kumar,Ujjwal Kumar,2026-07-27 20:09:00+00:00,2026-07-28T01:39:00+05:30,feat: revamp landing page and authentication flow,False,1,BountyHunterDashboard.js,components/BountyHunterDashboard.js,1,1,2,0,0
b8875857f0122cfdd1977245318c724c6f6c7ad2,Ujjwal Kumar,Ujjwal Kumar,2026-07-27 20:09:00+00:00,2026-07-28T01:39:00+05:30,feat: revamp landing page and authentication flow,False,1,BountyPosterDashboard.js,components/BountyPosterDashboard.js,1,1,2,0,0
b8875857f0122cfdd1977245318c724c6f6c7ad2,Ujjwal Kumar,Ujjwal Kumar,2026-07-27 20:09:00+00:00,2026-07-28T01:39:00+05:30,feat: revamp landing page and authentication flow,False,1,PurplePetals.js,components/PurplePetals.js,0,45,45,0,0
b8875857f0122cfdd1977245318c724c6f6c7ad2,Ujjwal Kumar,Ujjwal Kumar,2026-07-27 20:09:00+00:00,2026-07-28T01:39:00+05:30,feat: revamp landing page and authentication flow,False,1,SakuraPetals.js,components/SakuraPetals.js,0,45,45,0,0
b8875857f0122cfdd1977245318c724c6f6c7ad2,Ujjwal Kumar,Ujjwal Kumar,2026-07-27 20:09:00+00:00,2026-07-28T01:39:00+05:30,feat: revamp landing page and authentication flow,False,1,tailwind.config.js,tailwind.config.js,62,39,101,0,0
b8875857f0122cfdd1977245318c724c6f6c7ad2,Ujjwal Kumar,Ujjwal Kumar,2026-07-27 20:09:00+00:00,2026-07-28T01:39:00+05:30,feat: revamp landing page and authentication flow,False,1,page.js,app/login/page.js,442,105,547,0,0
200b9ec9693102812b58617d83c7ef3bc33d364d,Ujjwal Kumar,Ujjwal Kumar,2026-07-27 20:35:11+00:00,2026-07-28T02:05:11+05:30,"feat: revamp leaderboard, auth flow, and role selection UI",False,1,RoleSelectionModal.js,components/RoleSelectionModal.js,85,69,154,0,0
200b9ec9693102812b58617d83c7ef3bc33d364d,Ujjwal Kumar,Ujjwal Kumar,2026-07-27 20:35:11+00:00,2026-07-28T02:05:11+05:30,"feat: revamp leaderboard, auth flow, and role selection UI",False,1,page.js,app/leaderboard/page.js,200,201,401,0,0
200b9ec9693102812b58617d83c7ef3bc33d364d,Ujjwal Kumar,Ujjwal Kumar,2026-07-27 20:35:11+00:00,2026-07-28T02:05:11+05:30,"feat: revamp leaderboard, auth flow, and role selection UI",False,1,page.js,app/auth-redirect/page.js,52,29,81,0,0
aed4db39ac27e60063e276bb7cf405cf70d4be70,Ujjwal Kumar,Ujjwal Kumar,2026-07-27 21:28:21+00:00,2026-07-28T02:58:21+05:30,feat: continue UI revamp with final UI polish,False,1,.gitignore,.gitignore,2,0,2,0,0
aed4db39ac27e60063e276bb7cf405cf70d4be70,Ujjwal Kumar,Ujjwal Kumar,2026-07-27 21:28:21+00:00,2026-07-28T02:58:21+05:30,feat: continue UI revamp with final UI polish,False,1,CTA.js,components/CTA.js,44,1,45,0,0
aed4db39ac27e60063e276bb7cf405cf70d4be70,Ujjwal Kumar,Ujjwal Kumar,2026-07-27 21:28:21+00:00,2026-07-28T02:58:21+05:30,feat: continue UI revamp with final UI polish,False,1,Features.js,components/Features.js,74,3,77,0,0
aed4db39ac27e60063e276bb7cf405cf70d4be70,Ujjwal Kumar,Ujjwal Kumar,2026-07-27 21:28:21+00:00,2026-07-28T02:58:21+05:30,feat: continue UI revamp with final UI polish,False,1,Hero.js,components/Hero.js,139,15,154,0,0
aed4db39ac27e60063e276bb7cf405cf70d4be70,Ujjwal Kumar,Ujjwal Kumar,2026-07-27 21:28:21+00:00,2026-07-28T02:58:21+05:30,feat: continue UI revamp with final UI polish,False,1,Navbar.js,components/Navbar.js,86,7,93,0,0
aed4db39ac27e60063e276bb7cf405cf70d4be70,Ujjwal Kumar,Ujjwal Kumar,2026-07-27 21:28:21+00:00,2026-07-28T02:58:21+05:30,feat: continue UI revamp with final UI polish,False,1,TopCreators.js,components/TopCreators.js,104,3,107,0,0
aed4db39ac27e60063e276bb7cf405cf70d4be70,Ujjwal Kumar,Ujjwal Kumar,2026-07-27 21:28:21+00:00,2026-07-28T02:58:21+05:30,feat: continue UI revamp with final UI polish,False,1,Footer.js,components/Footer.js,101,2,103,0,0
179712acc8d53f7c57c7843cb78104b415932e9c,Ujjwal Kumar,Ujjwal Kumar,2026-07-27 23:28:24+00:00,2026-07-28T04:58:24+05:30,"feat: redesign creator and bounty poster dashboards, unify profile setup",False,1,page.js,app/bounties/page.js,11,6,17,0,0
179712acc8d53f7c57c7843cb78104b415932e9c,Ujjwal Kumar,Ujjwal Kumar,2026-07-27 23:28:24+00:00,2026-07-28T04:58:24+05:30,"feat: redesign creator and bounty poster dashboards, unify profile setup",False,1,page.js,app/bounty-dashboard/page.js,31,12,43,0,0
179712acc8d53f7c57c7843cb78104b415932e9c,Ujjwal Kumar,Ujjwal Kumar,2026-07-27 23:28:24+00:00,2026-07-28T04:58:24+05:30,"feat: redesign creator and bounty poster dashboards, unify profile setup",False,1,page.js,app/bounty-poster-setup/page.js,485,351,836,0,0
179712acc8d53f7c57c7843cb78104b415932e9c,Ujjwal Kumar,Ujjwal Kumar,2026-07-27 23:28:24+00:00,2026-07-28T04:58:24+05:30,"feat: redesign creator and bounty poster dashboards, unify profile setup",False,1,page.js,app/dashboard/page.js,39,28,67,0,0
179712acc8d53f7c57c7843cb78104b415932e9c,Ujjwal Kumar,Ujjwal Kumar,2026-07-27 23:28:24+00:00,2026-07-28T04:58:24+05:30,"feat: redesign creator and bounty poster dashboards, unify profile setup",False,1,page.js,app/create-bounty/page.js,10,7,17,0,0
179712acc8d53f7c57c7843cb78104b415932e9c,Ujjwal Kumar,Ujjwal Kumar,2026-07-27 23:28:24+00:00,2026-07-28T04:58:24+05:30,"feat: redesign creator and bounty poster dashboards, unify profile setup",False,1,page.js,app/profile-setup/page.js,793,693,1486,0,0
179712acc8d53f7c57c7843cb78104b415932e9c,Ujjwal Kumar,Ujjwal Kumar,2026-07-27 23:28:24+00:00,2026-07-28T04:58:24+05:30,"feat: redesign creator and bounty poster dashboards, unify profile setup",False,1,BountyHunterDashboard.js,components/BountyHunterDashboard.js,352,267,619,0,0
179712acc8d53f7c57c7843cb78104b415932e9c,Ujjwal Kumar,Ujjwal Kumar,2026-07-27 23:28:24+00:00,2026-07-28T04:58:24+05:30,"feat: redesign creator and bounty poster dashboards, unify profile setup",False,1,BountyHunterNavbar.js,components/BountyHunterNavbar.js,225,171,396,0,0
179712acc8d53f7c57c7843cb78104b415932e9c,Ujjwal Kumar,Ujjwal Kumar,2026-07-27 23:28:24+00:00,2026-07-28T04:58:24+05:30,"feat: redesign creator and bounty poster dashboards, unify profile setup",False,1,BountyPosterDashboard.js,components/BountyPosterDashboard.js,332,250,582,0,0
179712acc8d53f7c57c7843cb78104b415932e9c,Ujjwal Kumar,Ujjwal Kumar,2026-07-27 23:28:24+00:00,2026-07-28T04:58:24+05:30,"feat: redesign creator and bounty poster dashboards, unify profile setup",False,1,BountyPosterNavbar.js,components/BountyPosterNavbar.js,202,166,368,0,0
179712acc8d53f7c57c7843cb78104b415932e9c,Ujjwal Kumar,Ujjwal Kumar,2026-07-27 23:28:24+00:00,2026-07-28T04:58:24+05:30,"feat: redesign creator and bounty poster dashboards, unify profile setup",False,1,page.js,app/my-bounties/page.js,12,7,19,0,0
7e4771176cdf32ed4f97cc3970cef3cee2a092ca,Ujjwal Kumar,Ujjwal Kumar,2026-07-28 00:29:46+00:00,2026-07-28T05:59:46+05:30,feat(ui): complete premium SaaS redesign across platform,False,1,page.js,app/bounties/page.js,249,210,459,0,0
7e4771176cdf32ed4f97cc3970cef3cee2a092ca,Ujjwal Kumar,Ujjwal Kumar,2026-07-28 00:29:46+00:00,2026-07-28T05:59:46+05:30,feat(ui): complete premium SaaS redesign across platform,False,1,page.js,app/activity/page.js,0,4,4,0,0
7e4771176cdf32ed4f97cc3970cef3cee2a092ca,Ujjwal Kumar,Ujjwal Kumar,2026-07-28 00:29:46+00:00,2026-07-28T05:59:46+05:30,feat(ui): complete premium SaaS redesign across platform,False,1,route.js,app/api/auth/[...nextauth]/route.js,1,1,2,0,0
7e4771176cdf32ed4f97cc3970cef3cee2a092ca,Ujjwal Kumar,Ujjwal Kumar,2026-07-28 00:29:46+00:00,2026-07-28T05:59:46+05:30,feat(ui): complete premium SaaS redesign across platform,False,1,page.js,app/applicants/page.js,538,407,945,0,0
7e4771176cdf32ed4f97cc3970cef3cee2a092ca,Ujjwal Kumar,Ujjwal Kumar,2026-07-28 00:29:46+00:00,2026-07-28T05:59:46+05:30,feat(ui): complete premium SaaS redesign across platform,False,1,page.js,app/create-bounty/page.js,531,424,955,0,0
7e4771176cdf32ed4f97cc3970cef3cee2a092ca,Ujjwal Kumar,Ujjwal Kumar,2026-07-28 00:29:46+00:00,2026-07-28T05:59:46+05:30,feat(ui): complete premium SaaS redesign across platform,False,1,BountyCard.js,components/BountyCard.js,272,286,558,0,0
7e4771176cdf32ed4f97cc3970cef3cee2a092ca,Ujjwal Kumar,Ujjwal Kumar,2026-07-28 00:29:46+00:00,2026-07-28T05:59:46+05:30,feat(ui): complete premium SaaS redesign across platform,False,1,page.js,app/my-bounties/page.js,449,419,868,0,0
7e4771176cdf32ed4f97cc3970cef3cee2a092ca,Ujjwal Kumar,Ujjwal Kumar,2026-07-28 00:29:46+00:00,2026-07-28T05:59:46+05:30,feat(ui): complete premium SaaS redesign across platform,False,1,page.js,app/my-donations/page.js,198,132,330,0,0
7e4771176cdf32ed4f97cc3970cef3cee2a092ca,Ujjwal Kumar,Ujjwal Kumar,2026-07-28 00:29:46+00:00,2026-07-28T05:59:46+05:30,feat(ui): complete premium SaaS redesign across platform,False,1,page.js,app/profile/[username]/page.js,478,413,891,0,0
7e4771176cdf32ed4f97cc3970cef3cee2a092ca,Ujjwal Kumar,Ujjwal Kumar,2026-07-28 00:29:46+00:00,2026-07-28T05:59:46+05:30,feat(ui): complete premium SaaS redesign across platform,False,1,BountyModal.js,components/BountyModal.js,296,208,504,0,0
7e4771176cdf32ed4f97cc3970cef3cee2a092ca,Ujjwal Kumar,Ujjwal Kumar,2026-07-28 00:29:46+00:00,2026-07-28T05:59:46+05:30,feat(ui): complete premium SaaS redesign across platform,False,1,page.js,app/my-applications/page.js,351,262,613,0,0
0d21569993a7f891c93077c4f2585fbfdae8f3ac,Ujjwal Kumar,Ujjwal Kumar,2026-07-28 00:42:10+00:00,2026-07-28T06:12:10+05:30,feat(ui): complete premium SaaS redesign,False,1,RoleSelectionModal.js,components/RoleSelectionModal.js,1,1,2,0,0
0d21569993a7f891c93077c4f2585fbfdae8f3ac,Ujjwal Kumar,Ujjwal Kumar,2026-07-28 00:42:10+00:00,2026-07-28T06:12:10+05:30,feat(ui): complete premium SaaS redesign,False,1,page.js,app/my-bounties/page.js,25,25,50,0,0
0d21569993a7f891c93077c4f2585fbfdae8f3ac,Ujjwal Kumar,Ujjwal Kumar,2026-07-28 00:42:10+00:00,2026-07-28T06:12:10+05:30,feat(ui): complete premium SaaS redesign,False,1,page.js,app/login/page.js,4,2,6,0,0
0d21569993a7f891c93077c4f2585fbfdae8f3ac,Ujjwal Kumar,Ujjwal Kumar,2026-07-28 00:42:10+00:00,2026-07-28T06:12:10+05:30,feat(ui): complete premium SaaS redesign,False,1,page.js,app/leaderboard/page.js,1,1,2,0,0
